{"cameraMode":{"drawMode":0,"name":"Shaded","section":"Shading Mode"},"sceneLighting":false,"audioPlay":false,"sceneViewState":{"showFog":false,"showMaterialUpdate":false,"showSkybox":false,"showFlares":false,"showImageEffects":false,"showParticleSystems":false},"in2DMode":false,"pivot":{"x":-7.185027599334717,"y":0.25677791237831118,"z":3.9373552799224855},"rotation":{"x":-0.05582891032099724,"y":-0.5369842648506165,"z":0.03569670021533966,"w":-0.8410451412200928},"size":0.31411927938461306,"orthographic":false}