{"cameraMode":{"drawMode":0,"name":"Shaded","section":"Shading Mode"},"sceneLighting":false,"audioPlay":false,"sceneViewState":{"showFog":false,"showMaterialUpdate":false,"showSkybox":false,"showFlares":false,"showImageEffects":false,"showParticleSystems":false},"in2DMode":false,"pivot":{"x":-18.02771759033203,"y":0.18345332145690919,"z":2.683506488800049},"rotation":{"x":-0.19445651769638062,"y":-0.7438387870788574,"z":0.2452518343925476,"w":-0.5906782746315002},"size":0.7391957640647888,"orthographic":false}