{"cameraMode":{"drawMode":0,"name":"Shaded","section":"Shading Mode"},"sceneLighting":true,"audioPlay":false,"sceneViewState":{"showFog":false,"showMaterialUpdate":false,"showSkybox":false,"showFlares":false,"showImageEffects":false,"showParticleSystems":false},"in2DMode":false,"pivot":{"x":12.115927696228028,"y":-37.71306228637695,"z":32.035675048828128},"rotation":{"x":-0.45138582587242129,"y":0.01342595461755991,"z":-0.006550048012286425,"w":-0.892335832118988},"size":35.35533905029297,"orthographic":false}