{"cameraMode":{"drawMode":0,"name":"Shaded","section":"Shading Mode"},"sceneLighting":true,"audioPlay":false,"sceneViewState":{"showFog":false,"showMaterialUpdate":false,"showSkybox":false,"showFlares":false,"showImageEffects":false,"showParticleSystems":false},"in2DMode":false,"pivot":{"x":0.12900827825069428,"y":10.081822395324707,"z":-11.564569473266602},"rotation":{"x":0.277381956577301,"y":-0.20633016526699067,"z":0.061124902218580249,"w":0.9363579750061035},"size":1.097771406173706,"orthographic":false}