{"cameraMode":{"drawMode":0,"name":"Shaded","section":"Shading Mode"},"sceneLighting":false,"audioPlay":false,"sceneViewState":{"showFog":false,"showMaterialUpdate":false,"showSkybox":false,"showFlares":false,"showImageEffects":false,"showParticleSystems":false},"in2DMode":false,"pivot":{"x":-4.709273338317871,"y":1.7579476833343506,"z":0.19547182321548463},"rotation":{"x":-0.09364157170057297,"y":-0.621099054813385,"z":0.07507874071598053,"w":-0.7745210528373718},"size":1.3277719020843506,"orthographic":false}