{"cameraMode":{"drawMode":0,"name":"Shaded","section":"Shading Mode"},"sceneLighting":false,"audioPlay":false,"sceneViewState":{"showFog":false,"showMaterialUpdate":false,"showSkybox":false,"showFlares":false,"showImageEffects":false,"showParticleSystems":false},"in2DMode":false,"pivot":{"x":-1.706810712814331,"y":1.4438596963882447,"z":-0.17596447467803956},"rotation":{"x":-0.1685415655374527,"y":-0.6598580479621887,"z":0.1554102599620819,"w":-0.7155863046646118},"size":0.6520982384681702,"orthographic":false}