{"cameraMode":{"drawMode":0,"name":"Shaded","section":"Shading Mode"},"sceneLighting":true,"audioPlay":false,"sceneViewState":{"showFog":false,"showMaterialUpdate":false,"showSkybox":false,"showFlares":false,"showImageEffects":false,"showParticleSystems":false},"in2DMode":false,"pivot":{"x":5.442541122436523,"y":1.3250000476837159,"z":1.5450000762939454},"rotation":{"x":-0.13607503473758698,"y":-0.63301682472229,"z":0.11455446481704712,"w":-0.7535235285758972},"size":6.544191837310791,"orthographic":false}