{"cameraMode":{"drawMode":0,"name":"Shaded","section":"Shading Mode"},"sceneLighting":false,"audioPlay":false,"sceneViewState":{"showFog":false,"showMaterialUpdate":false,"showSkybox":false,"showFlares":false,"showImageEffects":false,"showParticleSystems":false},"in2DMode":false,"pivot":{"x":4.681264877319336,"y":0.5481873750686646,"z":-0.6029829382896423},"rotation":{"x":0.07218214869499207,"y":0.7463256120681763,"z":-0.08205004036426544,"w":0.6565607190132141},"size":3.8108232021331789,"orthographic":false}