{"cameraMode":{"drawMode":0,"name":"Shaded","section":"Shading Mode"},"sceneLighting":false,"audioPlay":false,"sceneViewState":{"showFog":false,"showMaterialUpdate":false,"showSkybox":false,"showFlares":false,"showImageEffects":false,"showParticleSystems":false},"in2DMode":false,"pivot":{"x":-7.1192626953125,"y":-0.013807917013764382,"z":3.7801504135131838},"rotation":{"x":0.004975711926817894,"y":0.7482144236564636,"z":-0.005611725151538849,"w":0.6634148955345154},"size":0.7279089093208313,"orthographic":true}