{"cameraMode":{"drawMode":0,"name":"Shaded","section":"Shading Mode"},"sceneLighting":false,"audioPlay":false,"sceneViewState":{"showFog":false,"showMaterialUpdate":false,"showSkybox":false,"showFlares":false,"showImageEffects":false,"showParticleSystems":false},"in2DMode":false,"pivot":{"x":1.5692908763885499,"y":-1.450769066810608,"z":0.4826643168926239},"rotation":{"x":0.04102481156587601,"y":0.692711353302002,"z":-0.0395275354385376,"w":0.7189729809761047},"size":3.8108232021331789,"orthographic":false}