{"cameraMode":{"drawMode":0,"name":"Shaded","section":"Shading Mode"},"sceneLighting":true,"audioPlay":false,"sceneViewState":{"showFog":false,"showMaterialUpdate":false,"showSkybox":false,"showFlares":false,"showImageEffects":false,"showParticleSystems":false},"in2DMode":false,"pivot":{"x":-8.05909538269043,"y":-27.0958251953125,"z":71.33626556396485},"rotation":{"x":0.18952298164367677,"y":0.03922445327043533,"z":-0.007781212218105793,"w":0.9812092781066895},"size":46.11713790893555,"orthographic":false}