{"cameraMode":{"drawMode":0,"name":"Shaded","section":"Shading Mode"},"sceneLighting":true,"audioPlay":false,"sceneViewState":{"showFog":false,"showMaterialUpdate":false,"showSkybox":false,"showFlares":false,"showImageEffects":false,"showParticleSystems":false},"in2DMode":false,"pivot":{"x":-2.0303778648376467,"y":0.5099999904632568,"z":-1.0273985862731934},"rotation":{"x":0.08008156716823578,"y":-0.6026777625083923,"z":0.060959894210100177,"w":0.7916588187217712},"size":3.270437002182007,"orthographic":false}